description,amount,true_category
SWIGGY ORDER 4521,450,food
ZOMATO*PIZZA HUT,620,food
STARBUCKS COFFEE,380,food
CAFE COFFEE DAY,210,food
BIGBASKET GROCERY,1850,groceries
BLINKIT 10 MIN DELIVERY,540,groceries
DMART MALL,2300,groceries
LOCAL VEG MARKET UPI,150,groceries
UBER TRIP,320,transport
OLA CABS,280,transport
SHELL PETROL PUMP,2000,transport
METRO CARD RECHARGE,500,transport
FASTAG TOLL,185,transport
AIRTEL POSTPAID,799,bills
MSEB ELECTRICITY BILL,1450,bills
JIO FIBER BROADBAND,999,bills
HOUSE RENT TRANSFER,18000,bills
LIC PREMIUM,5200,bills
AMAZON.IN ORDER,2499,shopping
FLIPKART HEADPHONES,1799,shopping
MYNTRA FASHION,3200,shopping
IKEA FURNITURE,6500,shopping
NETFLIX.COM,649,entertainment
SPOTIFY PREMIUM,119,entertainment
BOOKMYSHOW TICKETS,700,entertainment
STEAM GAMES,1200,entertainment
APOLLO PHARMACY,430,health
CULT.FIT MEMBERSHIP,1500,health
DR SHARMA CLINIC,800,health
PATHLAB BLOOD TEST,1200,health
IRCTC TICKET BOOKING,1450,travel
MAKEMYTRIP FLIGHT,8900,travel
INDIGO AIRLINES,6200,travel
AIRBNB GOA STAY,9500,travel
UPI TRANSFER TO RAHUL,500,other
ATM CASH WITHDRAWAL,3000,other
BANK CHARGES,59,other
RAMESH STORES,260,groceries
KFC 2314,540,food
PVR CINEMAS,900,entertainment